{
	"val_mse": [
		81.84952545166016, 70.04768371582031, 70.61851501464844, 66.21733856201172, 62.968265533447266,
		64.02462005615234, 104.719970703125, 65.21792602539062, 73.9014663696289, 79.53074645996094,
		64.77461242675781, 68.2790298461914, 73.81816864013672, 60.11008071899414, 69.71856689453125,
		59.57354736328125, 60.152183532714844, 60.020057678222656, 61.097259521484375,
		62.470298767089844, 59.66861343383789, 59.136966705322266, 60.195709228515625,
		58.49088668823242, 59.07644271850586, 61.082481384277344, 59.43986129760742, 68.30635070800781,
		57.90263748168945, 58.141845703125, 61.301151275634766, 77.42125701904297, 58.919029235839844,
		59.99425506591797, 58.92068862915039, 68.00402069091797, 58.40529251098633, 58.978092193603516,
		57.75812911987305, 61.075626373291016, 61.11848068237305, 70.27713012695312, 64.4151840209961,
		59.46364974975586, 58.054115295410156, 61.780609130859375, 60.25037384033203, 64.2893295288086,
		57.11261749267578, 60.07808303833008, 58.64847946166992, 64.74891662597656, 56.67543029785156,
		66.4213638305664, 59.099491119384766, 59.41233444213867, 57.818450927734375, 58.386390686035156,
		57.400325775146484, 58.536949157714844, 57.76014709472656, 56.98695373535156,
		58.266021728515625, 57.367740631103516, 59.789981842041016, 72.95744323730469,
		59.911197662353516, 59.7423210144043, 61.17243576049805, 57.297393798828125, 56.748374938964844,
		59.7197380065918, 65.58331298828125, 61.108985900878906, 56.60796356201172, 57.2998161315918,
		58.28010559082031, 61.54847717285156, 55.34542465209961, 57.42234802246094, 57.02367401123047,
		72.87889862060547, 60.28285217285156, 59.42859649658203, 58.48604202270508, 56.16468811035156,
		57.06791687011719, 58.19083023071289, 56.863990783691406, 57.136962890625, 55.33246612548828,
		55.703678131103516, 54.94375991821289, 60.14472198486328, 64.08998107910156, 70.01089477539062,
		65.24127960205078, 59.0958366394043, 63.34563064575195, 55.81090545654297
	],
	"val_loss": [
		81.84952545166016, 70.04768371582031, 70.61851501464844, 66.21733856201172, 62.968265533447266,
		64.02462005615234, 104.719970703125, 65.21792602539062, 73.9014663696289, 79.53074645996094,
		64.77461242675781, 68.2790298461914, 73.81816864013672, 60.11008071899414, 69.71856689453125,
		59.57354736328125, 60.152183532714844, 60.020057678222656, 61.097259521484375,
		62.470298767089844, 59.66861343383789, 59.136966705322266, 60.195709228515625,
		58.49088668823242, 59.07644271850586, 61.082481384277344, 59.43986129760742, 68.30635070800781,
		57.90263748168945, 58.141845703125, 61.301151275634766, 77.42125701904297, 58.919029235839844,
		59.99425506591797, 58.92068862915039, 68.00402069091797, 58.40529251098633, 58.978092193603516,
		57.75812911987305, 61.075626373291016, 61.11848068237305, 70.27713012695312, 64.4151840209961,
		59.46364974975586, 58.054115295410156, 61.780609130859375, 60.25037384033203, 64.2893295288086,
		57.11261749267578, 60.07808303833008, 58.64847946166992, 64.74891662597656, 56.67543029785156,
		66.4213638305664, 59.099491119384766, 59.41233444213867, 57.818450927734375, 58.386390686035156,
		57.400325775146484, 58.536949157714844, 57.76014709472656, 56.98695373535156,
		58.266021728515625, 57.367740631103516, 59.789981842041016, 72.95744323730469,
		59.911197662353516, 59.7423210144043, 61.17243576049805, 57.297393798828125, 56.748374938964844,
		59.7197380065918, 65.58331298828125, 61.108985900878906, 56.60796356201172, 57.2998161315918,
		58.28010559082031, 61.54847717285156, 55.34542465209961, 57.42234802246094, 57.02367401123047,
		72.87889862060547, 60.28285217285156, 59.42859649658203, 58.48604202270508, 56.16468811035156,
		57.06791687011719, 58.19083023071289, 56.863990783691406, 57.136962890625, 55.33246612548828,
		55.703678131103516, 54.94375991821289, 60.14472198486328, 64.08998107910156, 70.01089477539062,
		65.24127960205078, 59.0958366394043, 63.34563064575195, 55.81090545654297
	],
	"mse": [
		112.34464263916016, 77.54874420166016, 79.00070190429688, 69.14002990722656, 67.78583526611328,
		70.92694091796875, 64.26246643066406, 64.46566009521484, 65.74308013916016, 68.15472412109375,
		67.95660400390625, 63.113868713378906, 61.51776123046875, 61.370094299316406,
		62.068729400634766, 61.762672424316406, 59.284610748291016, 60.82960891723633,
		64.05390167236328, 61.32805252075195, 63.676292419433594, 59.15785598754883, 61.67763137817383,
		57.72664260864258, 60.979061126708984, 58.80429458618164, 57.94464874267578, 59.201507568359375,
		58.860836029052734, 60.21532440185547, 57.57167053222656, 59.2122688293457, 60.86323165893555,
		56.94027328491211, 57.55389404296875, 57.71711349487305, 57.94364547729492, 58.52891540527344,
		56.242591857910156, 56.03533172607422, 56.108428955078125, 57.6303596496582, 58.16065216064453,
		55.1065788269043, 57.03042221069336, 57.15032958984375, 55.92864990234375, 54.987525939941406,
		55.713626861572266, 56.428707122802734, 54.333045959472656, 54.63016891479492,
		57.67882537841797, 55.076576232910156, 58.1807975769043, 56.17763137817383, 55.92388153076172,
		58.33665466308594, 54.08656311035156, 58.11454772949219, 56.27347183227539, 54.269222259521484,
		55.36271286010742, 54.821929931640625, 54.422027587890625, 54.85280227661133, 57.38418197631836,
		55.03351593017578, 54.49811553955078, 56.74740219116211, 56.84577941894531, 57.03526306152344,
		56.598609924316406, 56.413909912109375, 55.237457275390625, 54.73834991455078,
		54.439388275146484, 55.3798942565918, 53.855247497558594, 55.505924224853516,
		52.281253814697266, 54.258628845214844, 55.6348762512207, 56.186851501464844, 55.63300323486328,
		52.68621063232422, 53.731929779052734, 53.4832878112793, 54.1350212097168, 53.38532638549805,
		54.32560348510742, 53.2791862487793, 54.03876876831055, 53.825069427490234, 53.30375671386719,
		54.358970642089844, 55.41964340209961, 53.29716110229492, 53.79935073852539, 53.52420425415039
	],
	"loss": [
		112.34464263916016, 77.54874420166016, 79.00070190429688, 69.14002990722656, 67.78583526611328,
		70.92694091796875, 64.26246643066406, 64.46566009521484, 65.74308013916016, 68.15472412109375,
		67.95660400390625, 63.113868713378906, 61.51776123046875, 61.370094299316406,
		62.068729400634766, 61.762672424316406, 59.284610748291016, 60.82960891723633,
		64.05390167236328, 61.32805252075195, 63.676292419433594, 59.15785598754883, 61.67763137817383,
		57.72664260864258, 60.979061126708984, 58.80429458618164, 57.94464874267578, 59.201507568359375,
		58.860836029052734, 60.21532440185547, 57.57167053222656, 59.2122688293457, 60.86323165893555,
		56.94027328491211, 57.55389404296875, 57.71711349487305, 57.94364547729492, 58.52891540527344,
		56.242591857910156, 56.03533172607422, 56.108428955078125, 57.6303596496582, 58.16065216064453,
		55.1065788269043, 57.03042221069336, 57.15032958984375, 55.92864990234375, 54.987525939941406,
		55.713626861572266, 56.428707122802734, 54.333045959472656, 54.63016891479492,
		57.67882537841797, 55.076576232910156, 58.1807975769043, 56.17763137817383, 55.92388153076172,
		58.33665466308594, 54.08656311035156, 58.11454772949219, 56.27347183227539, 54.269222259521484,
		55.36271286010742, 54.821929931640625, 54.422027587890625, 54.85280227661133, 57.38418197631836,
		55.03351593017578, 54.49811553955078, 56.74740219116211, 56.84577941894531, 57.03526306152344,
		56.598609924316406, 56.413909912109375, 55.237457275390625, 54.73834991455078,
		54.439388275146484, 55.3798942565918, 53.855247497558594, 55.505924224853516,
		52.281253814697266, 54.258628845214844, 55.6348762512207, 56.186851501464844, 55.63300323486328,
		52.68621063232422, 53.731929779052734, 53.4832878112793, 54.1350212097168, 53.38532638549805,
		54.32560348510742, 53.2791862487793, 54.03876876831055, 53.825069427490234, 53.30375671386719,
		54.358970642089844, 55.41964340209961, 53.29716110229492, 53.79935073852539, 53.52420425415039
	]
}
