{"reward_plotting":{"0":-17.799999999999976,"1":-17.799999999999976,"2":-17.810999999999975,"3":-17.810889999999976,"4":-17.810781099999975,"5":-17.810673288999975,"6":-17.743566556109975,"7":-17.609130890548876,"8":-17.55803958164339,"9":-17.46545918582695,"10":-17.47980459396868,"11":-17.50500654802899,"12":-17.507956482548703,"13":-17.510876917723216,"14":-17.513768148545985,"15":-17.527630467060526,"16":-17.54135416238992,"17":-17.434940620766017,"18":-17.449591214558357,"19":-17.464095302412773,"20":-17.467454349388646,"21":-17.37077980589476,"22":-17.326072007835812,"23":-17.244811287757454,"24":-17.272363174879878,"25":-17.27763954313108,"26":-17.22286314769977,"27":-17.228634516222773,"28":-17.234348171060546,"29":-17.24000468934994,"30":-17.245604642456442,"31":-17.195148596031878,"32":-17.22319711007156,"33":-17.228965138970846,"34":-17.23467548758114}}