{"reward_plotting":{"0":-17.799999999999976,"1":-17.810999999999975}}