{"reward_plotting":{"0":-18.899999999999995,"1":-18.899999999999995,"2":-18.888999999999996,"3":-18.878109999999996,"4":-18.731328899999998,"5":-18.710015611,"6":-18.60491545489,"7":-18.5968663003411}}