{"reward_plotting":{"0":-10.899999999999975,"1":-10.968999999999975,"2":-11.037309999999973,"3":-11.104936899999972,"4":-11.171887530999971,"5":-11.238168655689972,"6":-11.314786969133072,"7":-11.379639099441741,"8":-11.454842708447323,"9":-11.450294281362849,"10":-11.51379133854922,"11":-11.576653425163727,"12":-11.638886890912088,"13":-11.711498022002967,"14":-11.794383041782936,"15":-11.854439211365106,"16":-11.913894819251453,"17":-11.808755871058938,"18":-11.838668312348348,"19":-11.909281629224864,"20":-11.802188812932616,"21":-11.862166924803288,"22":-11.932545255555256,"23":-11.888219802999703,"24":-11.827337604969706,"25":-11.887064228920009,"26":-11.810193586630808,"27":-11.870091650764499,"28":-11.940390734256853,"29":-12.009986826914284,"30":-12.004886958645141,"31":-12.01683808905869,"32":-12.085669708168103,"33":-12.142813011086421,"34":-12.062384880975557,"35":-12.093761032165801,"36":-12.083823421844142,"37":-12.1409851876257,"38":-12.197575335749445,"39":-12.14059958239195,"40":-12.197193586568028,"41":-12.121221650702347,"42":-12.110009434195323,"43":-12.11090933985337,"44":-12.167800246454835,"45":-12.168122243990286,"46":-12.224441021550382,"47":-12.159196611334878,"48":-12.215604645221527,"49":-12.282448598769312,"50":-12.337624112781619,"51":-12.392247871653801,"52":-12.341325392937263,"53":-12.37491213900789,"54":-12.42916301761781,"55":-12.493871387441633,"56":-12.546932673567216,"57":-12.599463346831543,"58":-12.582468713363227,"59":-12.576644026229593,"60":-12.639877585967296,"61":-12.595478810107622,"62":-12.658524022006546,"63":-12.72093878178648,"64":-12.771729393968613,"65":-12.716012100028927,"66":-12.652851979028638,"67":-12.704323459238351,"68":-12.585280224645967,"69":-12.659427422399506,"70":-12.71083314817551,"71":-12.730724816693755,"72":-12.792417568526817,"73":-12.842493392841547,"74":-12.81506845891313,"75":-12.835917774323997,"76":-12.885558596580756,"77":-12.934703010614948,"78":-12.983355980508797,"79":-13.031522420703709,"80":-12.957207196496672,"81":-12.971635124531705,"82":-13.019918773286387,"83":-12.882719585553524,"84":-12.931892389697987,"85":-12.980573465801008,"86":-13.039767731142998,"87":-13.109370053831567,"88":-13.00227635329325,"89":-13.061253589760318,"90":-13.108641053862714,"91":-13.155554643324086,"92":-13.087999096890846,"93":-13.135119105921937,"94":-13.088767914862718,"95":-12.960880235714091,"96":-13.009271433356949,"97":-13.057178719023378,"98":-12.999606931833144,"99":-12.935610862514814,"100":-12.995254753889666,"101":-12.985302206350768,"102":-12.996449184287261,"103":-13.017484692444388,"104":-13.065309845519943,"105":-13.027656747064743,"106":-13.075380179594095,"107":-13.122626377798154,"108":-13.104400114020171,"109":-13.151356112879968,"110":-13.197842551751167,"111":-13.243864126233655,"112":-13.167425484971318,"113":-13.169751230121605,"114":-13.078053717820389,"115":-13.136273180642185,"116":-13.050910448835761,"117":-13.098401344347403,"118":-13.15641733090393,"119":-13.202853157594891,"120":-13.221824626018941,"121":-13.267606379758751,"122":-13.323930315961164,"123":-13.379691012801551,"124":-13.278894102673535,"125":-13.2261051616468,"126":-13.185844110030333,"127":-13.231985668930028,"128":-13.233665812240728,"129":-13.201329154118321,"130":-13.247315862577137,"131":-13.292842703951365,"132":-13.16591427691185,"133":-13.173255134142732,"134":-13.041522582801305,"135":-13.08910735697329,"136":-13.136216283403556,"137":-13.041854120569521,"138":-13.089435579363824,"139":-13.060541223570187,"140":-13.107935811334483,"141":-13.07185645322114}}